ID,Type,SKU,Name,Status,featured,catalog_visibility,short_description,description,"date_on_sale_from,date_on_sale_to",tax_status,tax_class,stock_status,backorders,sold_individually,weight,height,Length,Width,reviews_allowed,purchase_note,price,regular_price,manage_stock/stock_quantitiy,category_ids,tag_ids,shipping_class_id,attributes 1 name,attributes 1 value(s),attribute 2 name,attribute 2 value(s),attributes 3 name,attribute 3 value(s),attributes 4 name,attribute 4 value(s),image_id/gallery_image_ids,downloads,downloads,download_limit,download_expiry,"parent_id,",upsell_ids,cross_sell_ids
,,,CHAKAL JACKET,,,visible,"Σχεδιασμένο για banner runs, διαθέτει αδιάβροχο PrimaLoft® Black Insulation για να σας κρατήσει κομψό, ζεστό και στεγνό τις ημέρες που κάνετε την προπόνηση σας.","Κανονική εφαρμογή,Σταθερή κουκούλα συμβατή με κράνος, Δύο τσέπες στο στήθος με φερμουάρ,Τσέπες με φερμουάρ, Εσωτερική τσέπη γυαλιών, Τσέπη καρπού με φερμουάρ, Γκέτες καρπού,Αδιάβροχα εξωτερικά φερμουάρ",,taxable,,4,,,1000,,,,,,,210,,Άνδρας >Ρούχα >Μπουφάν,,,Κατασκευαστής,The North face,Χρώμα,"Μπλε,Κίτρινο",Μέγεθος,Large,,,https://a.scdn.gr/images/sku_main_images/016628/16628251/20190926173732_the_north_face_men_s_chakal_snow_jacket_leopard_yellow_urban_navy.jpeg,,,,,,,
,,,Helly Hansen Daybreaker 2.0 Junior,,,visible,"Το τέλειο ελαφρύ μπουφάν fleece για κάθε περίσταση, χρησιμοποιώντας την ποιότητα Poltec 100g / m² fleece.
","Χαρακατηριστικά:
•	Υψηλής ποιότητας φερμουάρ YKK®
•	Raglan μανίκια για την ελεύθερη κυκλοφορία
•	Τρύπες στο μανίκι
•	Προστατευτικό για το προστατευτικό και την άνεση
•	Κεντημένο λογότυπο HH


",,taxable,,14,,,185,,,,,,,"36,99",,Παιδί > Ρούχα > Fleece,,,Κατασκευαστής,Helly Hansen,Χρώμα,"Μπλέ,Άσπρο",Μέγεθος,Μ,,,"https://www.snowinn.com/f/13738/137380549/helly-hansen-daybreaker-2.0-junior.jpg,https://www.snowinn.com/f/13738/137380549_2/helly-hansen-daybreaker-2.0-junior.jpg",,,,,,,